{"cameraMode":{"drawMode":0,"name":"Shaded","section":"Shading Mode"},"sceneLighting":false,"audioPlay":false,"sceneViewState":{"m_AlwaysRefresh":false,"showFog":true,"showSkybox":false,"showFlares":true,"showImageEffects":true,"showParticleSystems":true,"showVisualEffectGraphs":true,"m_FxEnabled":true},"in2DMode":false,"pivot":{"x":-0.016220450401306154,"y":0.1351187378168106,"z":-0.0008177235722541809},"rotation":{"x":0.16224665939807893,"y":-0.07954543828964234,"z":0.013114357367157936,"w":0.9834662079811096},"size":1.0574779510498047,"orthographic":true}