{"cameraMode":{"drawMode":0,"name":"Shaded","section":"Shading Mode"},"sceneLighting":false,"audioPlay":false,"sceneViewState":{"m_AlwaysRefresh":false,"showFog":true,"showSkybox":false,"showFlares":true,"showImageEffects":true,"showParticleSystems":true,"showVisualEffectGraphs":true,"m_FxEnabled":true},"in2DMode":false,"pivot":{"x":-0.0003204345703125,"y":3.0135321617126467,"z":0.0022144317626953127},"rotation":{"x":-0.001971660414710641,"y":0.988685131072998,"z":0.14942516386508943,"w":0.013045812025666237},"size":2.7358226776123049,"orthographic":true}