{"cameraMode":{"drawMode":0,"name":"Shaded","section":"Shading Mode"},"sceneLighting":false,"audioPlay":false,"sceneViewState":{"m_AlwaysRefresh":false,"showFog":true,"showSkybox":false,"showFlares":true,"showImageEffects":true,"showParticleSystems":true,"showVisualEffectGraphs":true,"m_FxEnabled":true},"in2DMode":false,"pivot":{"x":-1.1920928955078126e-7,"y":0.9860932230949402,"z":1.1920928955078126e-7},"rotation":{"x":0.13466143608093263,"y":-0.7005426287651062,"z":0.13727277517318726,"w":0.6872172355651856},"size":1.3791406154632569,"orthographic":true}