{"cameraMode":{"drawMode":0,"name":"Shaded","section":"Shading Mode"},"sceneLighting":false,"audioPlay":false,"sceneViewState":{"m_AlwaysRefresh":false,"showFog":true,"showSkybox":false,"showFlares":true,"showImageEffects":true,"showParticleSystems":true,"showVisualEffectGraphs":true,"m_FxEnabled":true},"in2DMode":false,"pivot":{"x":0.01748204231262207,"y":1.2394154071807862,"z":1.7881393432617188e-7},"rotation":{"x":0.13466143608093263,"y":-0.7005426287651062,"z":0.13727277517318726,"w":0.6872172355651856},"size":1.9506592750549317,"orthographic":true}