{"cameraMode":{"drawMode":0,"name":"Shaded","section":"Shading Mode"},"sceneLighting":false,"audioPlay":false,"sceneViewState":{"m_AlwaysRefresh":false,"showFog":true,"showSkybox":false,"showFlares":true,"showImageEffects":true,"showParticleSystems":true,"showVisualEffectGraphs":true,"m_FxEnabled":true},"in2DMode":false,"pivot":{"x":43.100006103515628,"y":26.60000228881836,"z":103.69999694824219},"rotation":{"x":0.10628188401460648,"y":-0.019096622243523599,"z":0.002034969162195921,"w":0.9941650629043579},"size":106.43782043457031,"orthographic":true}