{"cameraMode":{"drawMode":0,"name":"Shaded","section":"Shading Mode"},"sceneLighting":false,"audioPlay":false,"sceneViewState":{"m_AlwaysRefresh":false,"showFog":true,"showSkybox":false,"showFlares":true,"showImageEffects":true,"showParticleSystems":true,"showVisualEffectGraphs":true,"m_FxEnabled":true},"in2DMode":false,"pivot":{"x":0.0710601806640625,"y":-0.15416927635669709,"z":0.028641700744628907},"rotation":{"x":0.13763058185577393,"y":-0.6292064189910889,"z":0.11449643969535828,"w":0.7563385963439941},"size":1.585563063621521,"orthographic":true}