{"cameraMode":{"drawMode":0,"name":"Shaded","section":"Shading Mode"},"sceneLighting":true,"audioPlay":false,"sceneViewState":{"m_AlwaysRefresh":false,"showFog":true,"showSkybox":true,"showFlares":true,"showImageEffects":true,"showParticleSystems":true,"showVisualEffectGraphs":true,"m_FxEnabled":true},"in2DMode":false,"pivot":{"x":48.36942672729492,"y":9.430744171142579,"z":77.93728637695313},"rotation":{"x":-0.1152464896440506,"y":0.007825720123946667,"z":-0.0007650574552826583,"w":-0.9933525323867798},"size":58.363182067871097,"orthographic":false}