{"cameraMode":{"drawMode":0,"name":"Shaded","section":"Shading Mode"},"sceneLighting":false,"audioPlay":false,"sceneViewState":{"m_AlwaysRefresh":false,"showFog":true,"showSkybox":false,"showFlares":true,"showImageEffects":true,"showParticleSystems":true,"showVisualEffectGraphs":true,"m_FxEnabled":true},"in2DMode":false,"pivot":{"x":111.20726013183594,"y":61.914642333984378,"z":170.6216583251953},"rotation":{"x":0.16430528461933137,"y":-0.12951813638210298,"z":0.02173667959868908,"w":0.9776564240455627},"size":117.09254455566406,"orthographic":false}