{"cameraMode":{"drawMode":0,"name":"Shaded","section":"Shading Mode"},"sceneLighting":false,"audioPlay":false,"sceneViewState":{"m_AlwaysRefresh":false,"showFog":true,"showSkybox":false,"showFlares":true,"showImageEffects":true,"showParticleSystems":true,"showVisualEffectGraphs":true,"m_FxEnabled":true},"in2DMode":false,"pivot":{"x":-0.052600860595703128,"y":1.1000730991363526,"z":1.1920928955078126e-7},"rotation":{"x":0.13466143608093263,"y":-0.7005426287651062,"z":0.13727277517318726,"w":0.6872172355651856},"size":1.7850803136825562,"orthographic":true}