{"cameraMode":{"drawMode":0,"name":"Shaded","section":"Shading Mode"},"sceneLighting":false,"audioPlay":false,"sceneViewState":{"m_AlwaysRefresh":false,"showFog":true,"showSkybox":false,"showFlares":true,"showImageEffects":true,"showParticleSystems":true,"showVisualEffectGraphs":true,"m_FxEnabled":true},"in2DMode":false,"pivot":{"x":-1.341104507446289e-7,"y":0.26519525051116946,"z":-8.940696716308594e-8},"rotation":{"x":0.1906661093235016,"y":0.03974483907222748,"z":-0.007726201321929693,"w":0.980819582939148},"size":0.354325532913208,"orthographic":true}