{"cameraMode":{"drawMode":0,"name":"Shaded","section":"Shading Mode"},"sceneLighting":false,"audioPlay":false,"sceneViewState":{"m_AlwaysRefresh":false,"showFog":true,"showSkybox":false,"showFlares":true,"showImageEffects":true,"showParticleSystems":true,"showVisualEffectGraphs":true,"m_FxEnabled":true},"in2DMode":false,"pivot":{"x":-0.08999991416931153,"y":5.090217590332031,"z":-3.6108322143554689},"rotation":{"x":-0.04498409852385521,"y":-0.00868857279419899,"z":0.00040593635640107095,"w":-0.9989649653434753},"size":7.460879802703857,"orthographic":true}