{"cameraMode":{"drawMode":0,"name":"Shaded","section":"Shading Mode"},"sceneLighting":false,"audioPlay":false,"sceneViewState":{"m_AlwaysRefresh":false,"showFog":true,"showSkybox":false,"showFlares":true,"showImageEffects":true,"showParticleSystems":true,"showVisualEffectGraphs":true,"m_FxEnabled":true},"in2DMode":false,"pivot":{"x":-0.08211326599121094,"y":3.5836737155914308,"z":0.09627437591552735},"rotation":{"x":0.12899942696094514,"y":-0.8694391250610352,"z":0.308041512966156,"w":0.36409667134284975},"size":7.244443893432617,"orthographic":true}