{"cameraMode":{"drawMode":0,"name":"Shaded","section":"Shading Mode"},"sceneLighting":false,"audioPlay":false,"sceneViewState":{"m_AlwaysRefresh":false,"showFog":true,"showSkybox":false,"showFlares":true,"showImageEffects":true,"showParticleSystems":true,"showVisualEffectGraphs":true,"m_FxEnabled":true},"in2DMode":false,"pivot":{"x":-0.01607385277748108,"y":0.3285747766494751,"z":-0.022134453058242799},"rotation":{"x":-0.17607755959033967,"y":-0.37837573885917666,"z":0.07356396317481995,"w":-0.905792236328125},"size":0.6238359808921814,"orthographic":true}