{"cameraMode":{"drawMode":0,"name":"Shaded","section":"Shading Mode"},"sceneLighting":false,"audioPlay":false,"sceneViewState":{"m_AlwaysRefresh":false,"showFog":true,"showSkybox":false,"showFlares":true,"showImageEffects":true,"showParticleSystems":true,"showVisualEffectGraphs":true,"m_FxEnabled":true},"in2DMode":false,"pivot":{"x":-0.0000050514936447143558,"y":0.11553439497947693,"z":0.0000021010637283325197},"rotation":{"x":0.2842908799648285,"y":-0.18545252084732057,"z":0.05615023896098137,"w":0.9389532804489136},"size":0.6427107453346252,"orthographic":true}